backoriu_tamsusis	Backoriu tamsusis	alaus_namai	lt	dark, rural
belmonto_ypatingas	Belmonto ypatingasis	belmontas	lt	dark, rural
belmonto_sviesus	Belmonto šviesusis	belmontas	lt	lager, rural
bernard_cerne	Bernard Cerne	dolce_vita, alaus_studija,pajurio_zibintas	cz	dark, foreign
birzu_sirvenos	Biržu Širvenos	b6, alaus_namai, obuolys,shamrock	lt	lager, rural
bravaria	Bravaria	bravaria,bravaria_kaunas	lt	lager
budweiser	Budweiser BUDVAR		cz	foreign, lager
busi_trecias	Busi Trecias	busi_trecias	lt	rural, dark
butautu_dvaro	Butautu Dvaro	mamutas,livonija	lt	rural, dark
chodovar	Chodovar	obuolys,dzempub	lt	lager
daujotu	Daujotu	alaus_namai	lt	rural
dundulio	Dundulio	bermudai, alaus_namai	lt	rural
ekstra_tvirtoves	Ekstra Tvirtoves	pilies_mene	lt	rural, strong
erdinger	Erdinger	busi_trecias, plieno_paukste, simo_baras, dolce_vita, alaus_studija, obuolys,suflerio_budele	de	white, foreign
franziskaner	Franziskaner	savas_kampas	de	white, foreign
grimbergen	Grimbergen	jalta,skliautas,zalias_ratas,abato_mene,shamrock	be	foreign, dark, strong
gubernijos_kvietinis	Gubernijos kvietinis	alaus_namai	lt	white
guiness	Guiness	alaus_studija, obuolys,juodasis_katinas,palangos_vetra	ie	foreign, dark
heineken	Heineken	pogo, savas_kampas, wall_street, alaus_studija,bo,dzempub,jums	nl	lager, foreign
hoegarden	Hoegarden	wall_street, obuolys,abato_mene	be	white, foreign
jovaru_snekutis	Jovaru šnekutis	bermudai	lt	rural, lager
kalnapilis_grand	Kalnapilis Grand	busi_trecias, pilies_mene, mamutas, obuolys, bo,bernelius_smukle,baras1925	lt	lager
kanapinis	Kanapinis tamsus	bermudai, obuolys	lt	rural, dark
katedros_medaus	Katedros Medaus	prie_katedros, dominink_karciama	lt	rural, lager
katedros_sviesusis	Katedros Šviesusis	prie_katedros, dominink_karciama	lt	rural, lager
katedros_tamsusis	Katedros Tamsusis	prie_katedros, dominink_karciama,dzempub	lt	rural, dark
kozel	Kozel	obuolys,wall_street, bo,baras1925,sindbado_oaze	cz	foreign, dark, light
krusovec	Krušovec	blusyne, simo_baras, alaus_studija,bo	cz	foreign, dark, light
kunigaiksciu	Kunigaikšciu	mamutas, keisti_zenklai	lt	rural, strong
murphys_stout	Murphy's stout	alaus_studija	ie	foreign, dark
new_castle_brown_ale	Newcastle Brown Ale	alaus_studija	uk	foreign, dark
pilies	Pilies	pilies_mene	lt	lager
pogo	PoGO šviesusis	pogo	lt	lager
raudonuju_dobilu	Raudonuju Dobilu	chillout, alaus_namai	lt	rural, dark
rinkuskiu_proginis	Rinkuškiu proginis	bermudai, alaus_namai,bo	lt	rural, lager
samson	Samson	blusyne, pogo, plieno_paukste, alaus_studija,bo,suflerio_budele	cz	foreign, dark
staropramen	Staropramen	burito, obuolys	cz	foreign, lager
svyturys_baltas	Švyturys Baltas	busi_trecias, pilies_mene, uzupio_picerija,bo,skliautas,sadute,zalias_ratas,shamrock,juodasis_katinas	lt	white
svyturys_baltijos	Švyturys Baltijos	molinis_asotis, mamutas,skliautas	lt	dark, strong
svyturys_extra	Švyturys Extra	jalta, pilies_mene, alaus_baras_just, molinis_asotis, b6, uzupio_picerija, mamutas,skliautas,sadute,zalias_ratas,shamrock,juodasis_katinas,baras1925	lt	lager
tauro_tradicinis	Tauro Tradicinis	mamutas	lt	lager, strong
tores	Tores gyvas nefiltruotas	tores	lt	rural, dark
tucher	Tucher	obuolys, bo	de	foreign, white
utenos	utenos	pilies_mene, alaus_baras_just,bo	lt	lager
varniuku	Varniuku tamsusis	pogo, alaus_baras_pyli, alaus_namai	lt	rural, dark
veltins	Veltins	bunte_gans, alaus_studija, obuolys	de	foreign, lager
vilkmerges_tamsusis	Vilkmerges tamsusis	alaus_namai,bernelius_smukle,haemmerli	lt	rural, dark
vilniaus_kvietinis	Vilniaus kvietinis	bermudai, pogo, obuolys	lt	white
vilniaus_nefiltr	Vilniaus nefiltruotas	bermudai, alaus_namai	lt	lager
warsteiner	Warsteiner	bunte_gans, plieno_paukste, wall_street	de	foreign, lager
zubr	Zubr	savas_kampas	cz	foreign, lager
leffe	Leffe	obuolys	be	foreign, white, strong
avilio_sviesusis	Avilio šviesusis	avilys	lt	rural
medaus_pussviesis	Medaus pusšviesis	avilys	lt	rural
velvet	Velvet	savas_kampas	cz	foreign